sample,type,setting
Ara-2_500gen_763A,illumina-PE,sra://SRR2591050
Ara-2_500gen_763B,illumina-PE,sra://SRR2589073
Ara-2_1000gen_965A,illumina-PE,sra://SRR2584405
Ara-2_1000gen_965B,illumina-PE,sra://SRR2584465
Ara-2_1500gen_1069A,illumina-PE,sra://SRR2591033
Ara-2_1500gen_1069B,illumina-PE,sra://SRR2584612
Ara-2_2000gen_1165A,illumina-SE,sra://SRR2584664
Ara-2_2000gen_11829,illumina-SE,sra://SRR2584676
Ara-2_5000gen_2180A,illumina-SE,sra://SRR2584693
Ara-2_5000gen_2180B,illumina-SE,sra://SRR2584704
Ara-2_10000gen_4537A,illumina-PE,sra://SRR2584715
Ara-2_10000gen_4537B,illumina-PE,sra://SRR2584783
Ara-2_15000gen_7178A,illumina-PE,sra://SRR2584819
Ara-2_15000gen_7178B,illumina-PE,sra://SRR2584830
Ara-2_20000gen_11830,illumina-SE,sra://SRR2584841
Ara-2_20000gen_11831,illumina-SE,sra://SRR2584846
Ara-2_30000gen_11832,illumina-SE,sra://SRR2584847
Ara-2_30000gen_11833,illumina-SE,sra://SRR2584848
Ara-2_40000gen_11035,illumina-SE,sra://SRR1536187
Ara-2_40000gen_11036,illumina-SE,sra://SRR2086152
Ara-2_50000gen_11333,illumina-SE,sra://SRR2584849
Ara-2_50000gen_11335,illumina-SE,sra://SRR2584851
Ara-2_60000gen_11694,illumina-PE,rclone@natsci_barricklab://natsci_barricklab/Databases/Sequencing_Runs/2024-03-18_Psomagen_Illumina/fastq/REL11694_{1|2}.fastq.gz
Ara-2_60000gen_11695,illumina-PE,rclone@natsci_barricklab://natsci_barricklab/Databases/Sequencing_Runs/2024-03-18_Psomagen_Illumina/fastq/REL11695_{1|2}.fastq.gz
Ara-2_70000gen_12060,illumina-PE,rclone@natsci_barricklab://natsci_barricklab/TACC/genomes/0009/2021-08-31_Psomagen_Genomes/REL12060_R{1|2}.fastq.gz
Ara-2_70000gen_12061,illumina-PE,rclone@natsci_barricklab://natsci_barricklab/TACC/genomes/0009/2021-08-31_Psomagen_Genomes/REL12061_R{1|2}.fastq.gz
Ara-2_70000gen_12062,illumina-PE,rclone@natsci_barricklab://natsci_barricklab/TACC/genomes/0009/2021-08-31_Psomagen_Genomes/REL12062_R{1|2}.fastq.gz
Ara-2_75000gen_JEB1697,illumina-PE,rclone@natsci_barricklab://natsci_barricklab/Databases/Sequencing_Runs/2024-03-18_Psomagen_Illumina/fastq/75K-2A_LTC-0000005_S_{1|2}.fastq.gz
Ara-2_75000gen_JEB1698,illumina-PE,rclone@natsci_barricklab://natsci_barricklab/Databases/Sequencing_Runs/2024-03-18_Psomagen_Illumina/fastq/75K-2B_LTC-0000006_S_{1|2}.fastq.gz
*,reference,https://raw.githubusercontent.com/barricklab/LTEE/7da91974eafac0c5a8f903ae57275795d4395af2/reference/REL606.gbk
